"name","company","city","website","instagram","linkedin","google_rating","google_reviews_count","public_phone","public_email","score","classification","main_opportunity","confidence"
"Dra. Mayra Lino","Clínica Dra. Mayra Lino","Contagem",,"https://www.instagram.com/dramayralino/",,"5","89","+55 31 98382-5657",,"9","Boa oportunidade","O Google Maps não apresenta domínio próprio; a rota digital começa no Instagram.","high"
"Dra. Ana Emília Porcaro","Consultório Dra. Ana Emília Porcaro","Nova Lima",,"https://www.instagram.com/dra.anaemiliaporcaro/",,"5","34","+55 31 97360-7487",,"9","Boa oportunidade","O Maps aponta para Instagram, sem domínio próprio identificado.","high"
"Dra. Maisa Malheiros","Bhiolife Medicina Integrada","Belo Horizonte","https://www.doctoralia.com.br/maisa-malheiros-2/dermatologista/belo-horizonte",,,"5","84","+55 31 3273-7489",,"9","Boa oportunidade","A presença web ligada ao Maps é um perfil de diretório, sem domínio próprio.","high"
"Dra. Ludmila Pedrosa","Clínica Ludmila Pedrosa","Nova Lima","https://ludmilapedrosa.com.br/","https://www.instagram.com/clinica.ludmilapedrosa/",,"4,9","54","+55 31 3654-2163","contato@ludmilapedrosa.com.br","9","Boa oportunidade","A primeira tela tem baixo contraste e não deixa a proposta da clínica evidente.","high"
"Dra. Luíza Teixeira","Consultório Dra. Luíza Teixeira","Belo Horizonte","https://draluizadermato.com.br/","https://www.instagram.com/luizadermato/",,"5","102","+55 31 97219-7823",,"7","Oportunidade moderada","Na captura visual, a primeira tela prioriza uma imagem grande e não mostra claramente serviço, proposta ou agendamento.","high"
"Dra. Érica Vieira","Consultório Dra. Érica Vieira","Nova Lima",,,,"5","28","+55 31 3694-5900",,"7","Oportunidade moderada","O Maps não oferece site próprio; o link externo abre WhatsApp.","medium"
"Dra. Camila Jaconi","Dermatológica Medicina Estética","Contagem",,"https://www.instagram.com/dermatologicaestetica/",,"4,9","25","+55 31 99680-3908",,"7","Oportunidade moderada","O Maps aponta para Instagram e WhatsApp, sem site próprio identificado.","high"
"Dra. Gabriela Aquino","Drª Gabriela Aquino Dermatologia","Belo Horizonte","https://www.doctoralia.com.br/gabriela-aquino/dermatologista/belo-horizonte",,,"5","95","+55 31 99411-3632",,"7","Oportunidade moderada","A presença web ligada ao Maps é Doctoralia; não foi encontrado domínio próprio.","high"
"Dra. Lorena Almeida","Consultório Dermatológico Dra. Lorena Almeida","Contagem","https://www.dralorenaalmeida.com.br/","https://www.instagram.com/dralorena.almeida/",,"4,8","66","+55 31 99493-2947",,"3","Baixa oportunidade","O site tem contato e CTA, mas o agendamento depende de conversa por WhatsApp/telefone.","high"
"Dr. Rafael de Abreu","Consultório Dr. Rafael de Abreu","Belo Horizonte","https://dermatologiabh.com.br/","https://www.instagram.com/rafadermabh/",,"5","88","+55 31 99113-4447",,"0","Baixa oportunidade","O agendamento online existe por Doctoralia e WhatsApp; não foi observado calendário incorporado no próprio site.","high"
"Dra. Rosana Rocon","Consultório Dra. Rosana Rocon","Belo Horizonte","https://www.rosanarocon.com.br/","https://www.instagram.com/rosanarocon_dermato/",,"4,9","513","+55 31 3656-3038",,"2","Baixa oportunidade","O site direciona contato por WhatsApp, sem calendário de horários visível.","high"
"Clínica Flávia Freitas","Clínica Flávia Freitas","Belo Horizonte","https://flaviadefreitas.com.br/","https://www.instagram.com/clinicaflaviafreitasdermato/",,"4,9","313","+55 31 98792-6494",,"2","Baixa oportunidade","O caminho de agendamento é WhatsApp; não foi encontrado calendário de horários visível.","high"
"Clínica Bella Derme","Clínica Bella Derme","Contagem","https://clinicabelladerme.com.br/",,,"4,7","94","+55 31 99783-4406","contato@clinicabelladerme.com.br","2","Baixa oportunidade","A seção Nossos clientes dizem aparece sem depoimentos textuais no conteúdo acessível.","high"
"Dra. Patrícia Baggio","Consultório Dra. Patrícia Baggio","Belo Horizonte","https://patriciadermatologia.com.br/","https://www.instagram.com/patriciabaggiodermato/",,"5","15","+55 31 98450-2583","patriciabdermatologia@gmail.com","3","Baixa oportunidade","O site tem páginas de tratamentos, mas a abertura não mostra botão de agendamento no primeiro viewport.","high"
"Dra. Cristiane Cárcano","Consultório Dra. Cristiane Cárcano","Nova Lima","https://dracristianecarcano.com.br/",,,"5","30","+55 31 98466-9742",,"3","Baixa oportunidade","O agendamento é direcionado ao WhatsApp; não foi encontrado calendário público.","high"
"Dra. Ana Gontijo","Clínica Ana Gontijo","Nova Lima","https://clinicaanagontijo.com.br/","https://www.instagram.com/dra.anagontijo_/",,"5","94","+55 31 99071-0261",,"1","Baixa oportunidade","O site oferece contato por WhatsApp; o agendamento do Maps usa um serviço externo.","high"
"Skin House Dermatologia e Wellness","Skin House Dermatologia e Wellness","Nova Lima","https://skinhouse.com.br/",,,"5","22","+55 31 98252-8742","contato@skinhouse.com.br","3","Baixa oportunidade","O site direciona contato por WhatsApp, sem calendário público de horários.","high"
"Dra. Patrícia Lycarião","DuoClinic / Consultório Dra. Patrícia Lycarião","Nova Lima","https://patricialycariao.com.br/","https://www.instagram.com/drapatricia_lycariao/",,"5","76","+55 31 98244-0941",,"5","Oportunidade moderada","O link do site no Google Maps termina em /home/ e retorna 404, embora a raiz do domínio funcione.","high"
"Dra. Maria Tereza Leite Mignacca","Clínica Ammirare","Belo Horizonte","https://ammirareclinica.com.br/","https://www.instagram.com/dramariatereza_dermatologia/",,"5","44","+55 31 97226-4032","ammirareadm@gmail.com","5","Oportunidade moderada","A primeira dobra tem posicionamento amplo de beleza e não identifica dermatologia de forma imediata.","high"
"Dra. Isadora Magalhães","Consultório Dra. Isadora Magalhães","Nova Lima","https://draisadoramagalhaes.com.br/",,,"5","73","+55 31 99730-1807",,"7","Oportunidade moderada","O site apresenta cuidado personalizado, mas não mostra uma lista clara de tratamentos ou procedimentos na página inicial.","high"
